hbase.zookeeper.quorum,hbase.zookeeper.property.clientPort,
hbase.regionserver.info.port.auto,hbase.regionserver.info.port,
hbase.regionserver.global.memstore.size.lower.limit,hbase.regionserver.global.memstore.size,
hbase.client.write.buffer,hbase.regionserver.handler.count,
hbase.client.pause,hbase.client.retries.number,
hbase.client.pause.server.overloaded,hbase.client.pause,
hbase.client.retries.number,hbase.client.pause,
hbase.client.scanner.caching,hbase.client.scanner.max.result.size,hbase.client.scanner.timeout.period
hbase.server.versionfile.writeattempts,hbase.server.thread.wakefrequency,
hbase.hregion.memstore.block.multiplier,hbase.hregion.memstore.flush.size,
hbase.hregion.majorcompaction,hbase.hregion.majorcompaction.jitter,
hbase.hregion.majorcompaction.jitter,hbase.hregion.majorcompaction,
hbase.hstore.blockingStoreFiles,hbase.hstore.blockingWaitTime,
hbase.hstore.compaction.min.size,hbase.hstore.compaction.ratio,
hbase.hstore.compaction.ratio,hbase.hstore.compaction.min.size,
hbase.hstore.compaction.ratio.offpeak,hbase.offpeak.start.hour,hbase.offpeak.end.hour
hbase.regionserver.thread.compaction.throttle,hbase.hstore.compaction.max,hbase.hregion.memstore.flush.size
hbase.unsafe.regionserver.hostname.disable.master.reversedns,hbase.unsafe.regionserver.hostname,
hbase.regionserver.kerberos.principal,hbase.regionserver.keytab.file,
hbase.data.umask,hbase.data.umask.enable,
dfs.domain.socket.path,dfs.client.read.shortcircuit,
hbase.rest-csrf.browser-useragents-regex,hbase.rest.csrf.enabled,
hbase.http.filter.initializers,hbase.http.staticuser.user,
hbase.regionserver.slowlog.buffer.enabled,hbase.regionserver.slowlog.ringbuffer.size,
hbase.regionserver.slowlog.systable.enabled,hbase.regionserver.slowlog.buffer.enabled,
