AcceptFilter,Protocol
AccessFileName,AllowOverride
AllowEncodedSlashes,AcceptPathInfo
AllowOverride,AccessFileName,<Directory>,<Location>,<DirectoryMatch>,<Files>,AllowOverrideList,ErrorDocument,ForceType,SetHandler,SetInputFilter,SetOutputFilter,Options
AllowOverrideList,AccessFileName,<Directory>,<Location>,<DirectoryMatch>,<Files>,AllowOverride
DefaultType,ForceType
Define,<IfDefine>,UnDefine
<Directory>,<Limit>,<LimitExcept>
<DirectoryMatch>,<Directory>
DocumentRoot,ServerRoot
<Else>,<If>,<ElseIf>
<ElseIf>,<If>,<Else>
EnableSendfile,DocumentRoot
Error,<If>
ErrorDocument,DocumentRoot
ErrorLog,ServerRoot,LogLevel
ErrorLogFormat,ServerName,UseCanonicalName,ErrorLog,LogLevel
<Files>,<Directory>,<Location>,<FilesMatch>
<FilesMatch>,<Files>
FlushMaxPipelined,FlushMaxThreshold
ForceType,<Directory>,<Location>,<Files>,SetHandler
HttpProtocolOptions,RegisterHttpMethod,ErrorLog,LogLevel
<If>,<ElseIf>,<Else>
<IfDefine>,Define
<IfDirective>,<IfSection>
<IfFile>,<IfDefine>,ServerRoot
<IfSection>,<IfDirective>
Include,IncludeOptional,ServerRoot
IncludeOptional,Include
KeepAlive,MaxKeepAliveRequests
<Limit>,TraceEnable,<LimitExcept>
<LimitExcept>,<Limit>
<Location>,<Directory>,<Files>,<LocationMatch>,SetHandler,MergeSlashes
<LocationMatch>,<Location>,MergeSlashes
LogLevel,ErrorLog,ErrorLogFormat
MaxKeepAliveRequests,KeepAlive
Mutex,ServerRoot
Options,<Directory>
Protocol,AcceptFilter
Protocols,ProtocolsHonorOrder
ProtocolsHonorOrder,Protocols
RLimitCPU,RLimitMEM,RLimitNPROC
RLimitMEM,RLimitCPU,RLimitNPROC
RLimitNPROC,RLimitMEM,RLimitCPU
ServerAlias,ServerName,<VirtualHost>,UseCanonicalName
ServerName,ServerAlias,UseCanonicalName,<VirtualHost>,UseCanonicalPhysicalPort
ServerRoot,Include
ServerSignature,ServerName,ServerAdmin,ServerTokens
ServerTokens,ServerSignature
SetHandler,<Directory>,<Location>
StrictHostCheck,ServerName,ServerAlias
TimeOut,AcceptFilter
UnDefine,Define,<IfDefine>
UseCanonicalName,ServerName,UseCanonicalPhysicalPort
UseCanonicalPhysicalPort,UseCanonicalName,ServerName
<VirtualHost>,ServerName
