server.port,port,server.bind
server.bsd-accept-filter,socket
server.defer-accept,socket
server.use-ipv6,socket
server.v4mapped,socket
server.socket-perms,socket
server.systemd-socket-activation,socket
auth.require,method
auth.extern-authn,require,auth.backend
url.rewrite,url.rewrite-once
url.rewrite-final,url.rewrite-once
simple-vhost.server-root,host
proxy.replace-http-host,proxy.server
proxy.header,host
docroot,host
fix-root-scriptname,check-local
ssl.honor-cipher-order,ssl.cipher-list
compress.filetype,deflate.mimetypes
compress.allowed-encodings,deflate.allowed-encodings
compress.max-filesize,deflate.max-compress-size
compress.max-loadavg,deflate.max-loadavg
mysql-vhost.sql,docroot
mysql-vhost.port,port
mysql-vhost.sock,socket
usertrack.cookie-domain,usertrack.cookie-attrs
usertrack.cookie-max-age,usertrack.cookie-attrs
